,mes,value.amount
0,1,7827658.893954
1,2,38545635.837254
2,3,90239175.5480024
3,4,162751715.5867182
4,5,178451035.0891767
5,6,236969776.9055358
6,7,330535394.8974557
7,8,444646837.8829128
8,9,152333247.6354308
9,10,871056142.0654393
10,11,293202229.67636
