,mes,value.amount
0,1,80717098.182712
1,2,575895295.159804
2,3,395604133.382616
3,4,321975077.078806
4,5,238363368.836506
5,6,327766353.9174196
6,7,230339808.1665902
7,8,201965944.8428829
8,9,111313835.3841731
9,10,166354420.624376
10,11,114368325.4651305
11,12,330325404.0595376
