,mes,value.amount
0,1,87890834.9733388
1,2,231086716.1011538
2,3,198951753.18438
3,4,93814189.52268401
4,5,57317031.6821564
5,6,151261401.9822
6,7,224640198.5384027
7,8,212777573.603338
8,9,314348915.6405651
9,10,261346029.0647788
10,11,261508614.421074
11,12,510855235.11424
