,mes,value.amount
0,1,103503925.838564
1,2,238044184.8025676
2,3,352039004.9425611
3,4,320825208.2921012
4,5,266228616.331122
5,6,202509024.585398
6,7,228963677.7164
7,8,218082065.340457
8,9,217556994.56601
9,10,357133885.5420812
10,11,366610731.488528
11,12,533215788.533008
